{
  "config_general": {
    "lighteval_sha": "?",
    "num_fewshot_seeds": 1,
    "max_samples": null,
    "job_id": 0,
    "start_time": 10462964.726325035,
    "end_time": 10464485.939072628,
    "total_evaluation_time_secondes": "1521.212747592479",
    "model_name": "_nfs_nfs-home_siyuan_LLaMA-Factory_saves_sft-openr1-1",
    "model_sha": "",
    "model_dtype": null,
    "model_size": null,
    "generation_parameters": {
      "early_stopping": null,
      "repetition_penalty": null,
      "frequency_penalty": null,
      "length_penalty": null,
      "presence_penalty": null,
      "max_new_tokens": 4096,
      "min_new_tokens": null,
      "seed": null,
      "stop_tokens": null,
      "temperature": 0.6,
      "top_k": null,
      "min_p": null,
      "top_p": 0.95,
      "truncate_prompt": null,
      "response_format": null
    }
  },
  "results": {
    "lighteval|aime24|0": {
      "math_pass@1:1_samples": 0.1,
      "math_pass@1:1_samples_stderr": 0.055708601453115555,
      "math_pass@1:4_samples": 0.06666666666666667,
      "math_pass@1:4_samples_stderr": 0.031562138431599954,
      "math_pass@1:8_samples": 0.062499999999999986,
      "math_pass@1:8_samples_stderr": 0.02663476899731307,
      "math_pass@1:16_samples": 0.06874999999999999,
      "math_pass@1:16_samples_stderr": 0.0284839009783163,
      "math_pass@1:32_samples": 0.06874999999999999,
      "math_pass@1:32_samples_stderr": 0.028007016259682407,
      "math_pass@1:64_samples": 0.07291666666666671,
      "math_pass@1:64_samples_stderr": 0.028084394911549966
    },
    "all": {
      "math_pass@1:1_samples": 0.1,
      "math_pass@1:1_samples_stderr": 0.055708601453115555,
      "math_pass@1:4_samples": 0.06666666666666667,
      "math_pass@1:4_samples_stderr": 0.031562138431599954,
      "math_pass@1:8_samples": 0.062499999999999986,
      "math_pass@1:8_samples_stderr": 0.02663476899731307,
      "math_pass@1:16_samples": 0.06874999999999999,
      "math_pass@1:16_samples_stderr": 0.0284839009783163,
      "math_pass@1:32_samples": 0.06874999999999999,
      "math_pass@1:32_samples_stderr": 0.028007016259682407,
      "math_pass@1:64_samples": 0.07291666666666671,
      "math_pass@1:64_samples_stderr": 0.028084394911549966
    }
  },
  "versions": {
    "lighteval|aime24|0": 2
  },
  "config_tasks": {
    "lighteval|aime24": {
      "name": "aime24",
      "prompt_function": "aime_prompt_fn",
      "hf_repo": "HuggingFaceH4/aime_2024",
      "hf_subset": "default",
      "metric": [
        {
          "metric_name": "math_pass@1:1_samples",
          "higher_is_better": true,
          "category": "5",
          "use_case": "6",
          "sample_level_fn": "compute",
          "corpus_level_fn": "mean"
        },
        {
          "metric_name": "math_pass@1:4_samples",
          "higher_is_better": true,
          "category": "5",
          "use_case": "6",
          "sample_level_fn": "compute",
          "corpus_level_fn": "mean"
        },
        {
          "metric_name": "math_pass@1:8_samples",
          "higher_is_better": true,
          "category": "5",
          "use_case": "6",
          "sample_level_fn": "compute",
          "corpus_level_fn": "mean"
        },
        {
          "metric_name": "math_pass@1:16_samples",
          "higher_is_better": true,
          "category": "5",
          "use_case": "6",
          "sample_level_fn": "compute",
          "corpus_level_fn": "mean"
        },
        {
          "metric_name": "math_pass@1:32_samples",
          "higher_is_better": true,
          "category": "5",
          "use_case": "6",
          "sample_level_fn": "compute",
          "corpus_level_fn": "mean"
        },
        {
          "metric_name": "math_pass@1:64_samples",
          "higher_is_better": true,
          "category": "5",
          "use_case": "6",
          "sample_level_fn": "compute",
          "corpus_level_fn": "mean"
        }
      ],
      "hf_revision": null,
      "hf_filter": null,
      "hf_avail_splits": [
        "train"
      ],
      "trust_dataset": false,
      "evaluation_splits": [
        "train"
      ],
      "few_shots_split": null,
      "few_shots_select": null,
      "generation_size": 32768,
      "generation_grammar": null,
      "stop_sequence": [],
      "num_samples": null,
      "suite": [
        "lighteval"
      ],
      "original_num_docs": 30,
      "effective_num_docs": 30,
      "must_remove_duplicate_docs": false,
      "version": 2
    }
  },
  "summary_tasks": {
    "lighteval|aime24|0": {
      "hashes": {
        "hash_examples": "ddec8fc79d0a014b",
        "hash_full_prompts": "fd2c067893d742e7",
        "hash_input_tokens": "f6f823f35a4ceab6",
        "hash_cont_tokens": "83444e5cdf1b59ce"
      },
      "truncated": 0,
      "non_truncated": 30,
      "padded": 0,
      "non_padded": 30,
      "effective_few_shots": 0.0,
      "num_truncated_few_shots": 0
    }
  },
  "summary_general": {
    "hashes": {
      "hash_examples": "c903e836a519cf98",
      "hash_full_prompts": "fd36e7ae4180c017",
      "hash_input_tokens": "30c11759dff39af8",
      "hash_cont_tokens": "e989ae1474e485a1"
    },
    "truncated": 0,
    "non_truncated": 30,
    "padded": 0,
    "non_padded": 30,
    "num_truncated_few_shots": 0
  }
}